剧情,喜剧,动作,爱情,科幻,动画,悬疑,惊悚,恐怖,犯罪,传记,历史,战争,西部,奇幻,冒险,纪录片,武侠,sum,剧情,喜剧,动作,爱情,科幻,动画,悬疑,惊悚,恐怖,犯罪,传记,历史,战争,西部,奇幻,冒险,纪录片,武侠
169,73,45,61,16,10,25,11,1,31,10,14,14,1,22,22,6,5,536,0.315298507,0.13619403,0.083955224,0.11380597,0.029850746,0.018656716,0.046641791,0.020522388,0.001865672,0.057835821,0.018656716,0.026119403,0.026119403,0.001865672,0.041044776,0.041044776,0.01119403,0.009328358
107,33,93,27,60,38,12,20,0,18,7,13,13,1,36,40,4,5,527,0.203036053,0.062618596,0.176470588,0.051233397,0.113851992,0.072106262,0.022770398,0.037950664,0,0.034155598,0.013282732,0.024667932,0.024667932,0.001897533,0.068311195,0.075901328,0.007590133,0.009487666
141,70,59,28,25,22,26,29,6,39,13,17,8,0,21,20,16,8,548,0.25729927,0.127737226,0.107664234,0.051094891,0.045620438,0.040145985,0.047445255,0.052919708,0.010948905,0.071167883,0.023722628,0.031021898,0.01459854,0,0.038321168,0.03649635,0.02919708,0.01459854
68,33,17,16,4,23,18,6,0,10,16,7,1,0,16,21,7,0,263,0.258555133,0.125475285,0.064638783,0.060836502,0.015209125,0.087452471,0.068441065,0.022813688,0,0.038022814,0.060836502,0.02661597,0.003802281,0,0.060836502,0.079847909,0.02661597,0
92,50,17,54,2,5,8,11,1,9,3,5,3,0,7,8,2,0,277,0.332129964,0.180505415,0.061371841,0.194945848,0.007220217,0.018050542,0.028880866,0.039711191,0.003610108,0.032490975,0.010830325,0.018050542,0.010830325,0,0.025270758,0.028880866,0.007220217,0
103,33,46,31,23,19,16,12,1,23,4,10,11,1,24,26,12,1,396,0.26010101,0.083333333,0.116161616,0.078282828,0.058080808,0.047979798,0.04040404,0.03030303,0.002525253,0.058080808,0.01010101,0.025252525,0.027777778,0.002525253,0.060606061,0.065656566,0.03030303,0.002525253
410,237,228,111,69,222,61,77,18,80,50,91,69,6,81,90,156,19,2075,0.197590361,0.114216867,0.109879518,0.053493976,0.033253012,0.106987952,0.02939759,0.037108434,0.008674699,0.038554217,0.024096386,0.043855422,0.033253012,0.002891566,0.039036145,0.043373494,0.075180723,0.009156627
340,334,132,89,66,106,83,74,36,63,25,18,25,3,74,109,50,2,1629,0.208717004,0.205033763,0.081031308,0.054634745,0.040515654,0.065070595,0.050951504,0.045426642,0.022099448,0.038674033,0.015346839,0.011049724,0.015346839,0.001841621,0.045426642,0.066912216,0.030693677,0.001227747
99,51,67,31,64,113,14,11,1,14,1,2,6,0,53,58,3,2,590,0.16779661,0.086440678,0.113559322,0.052542373,0.108474576,0.191525424,0.023728814,0.018644068,0.001694915,0.023728814,0.001694915,0.003389831,0.010169492,0,0.089830508,0.098305085,0.005084746,0.003389831
210,136,35,105,20,20,45,18,3,26,10,3,2,0,25,22,13,1,694,0.30259366,0.195965418,0.050432277,0.15129683,0.028818444,0.028818444,0.064841499,0.025936599,0.004322767,0.037463977,0.014409222,0.004322767,0.002881844,0,0.036023055,0.031700288,0.018731988,0.001440922
208,32,18,69,6,4,25,10,1,15,11,25,16,1,12,9,16,4,482,0.43153527,0.066390041,0.037344398,0.143153527,0.012448133,0.008298755,0.05186722,0.020746888,0.002074689,0.031120332,0.022821577,0.05186722,0.033195021,0.002074689,0.024896266,0.018672199,0.033195021,0.008298755
44,34,51,8,34,32,11,8,0,8,3,1,0,0,32,48,0,0,314,0.140127389,0.108280255,0.162420382,0.025477707,0.108280255,0.101910828,0.035031847,0.025477707,0,0.025477707,0.00955414,0.003184713,0,0,0.101910828,0.152866242,0,0
395,130,34,166,37,41,51,32,7,51,16,10,9,0,44,26,14,6,1069,0.36950421,0.12160898,0.031805426,0.155285313,0.034611787,0.038353601,0.047708138,0.029934518,0.006548176,0.047708138,0.014967259,0.009354537,0.008419083,0,0.041159963,0.024321796,0.013096352,0.005612722
470,171,39,249,24,45,44,39,10,45,11,10,7,0,34,17,14,8,1237,0.379951496,0.138237672,0.03152789,0.201293452,0.019401778,0.036378335,0.035569927,0.03152789,0.008084074,0.036378335,0.008892482,0.008084074,0.005658852,0,0.027485853,0.013742926,0.011317704,0.006467259
112,41,24,36,10,11,17,10,1,23,8,8,6,4,9,11,1,3,335,0.334328358,0.12238806,0.071641791,0.107462687,0.029850746,0.032835821,0.050746269,0.029850746,0.002985075,0.068656716,0.023880597,0.023880597,0.017910448,0.011940299,0.026865672,0.032835821,0.002985075,0.008955224
116,70,24,57,9,29,12,19,1,18,12,6,4,0,37,27,0,0,441,0.263038549,0.158730159,0.054421769,0.129251701,0.020408163,0.065759637,0.027210884,0.0430839,0.002267574,0.040816327,0.027210884,0.013605442,0.009070295,0,0.083900227,0.06122449,0,0
345,97,60,193,15,26,41,33,7,38,27,25,27,2,34,20,9,10,1009,0.341922696,0.096134787,0.059464817,0.191278494,0.014866204,0.025768087,0.040634291,0.032705649,0.006937562,0.037661051,0.026759167,0.024777007,0.026759167,0.001982161,0.033696729,0.019821606,0.008919722,0.009910803
182,90,168,68,38,11,28,69,7,54,12,14,17,2,31,43,0,11,845,0.215384615,0.106508876,0.198816568,0.080473373,0.044970414,0.013017751,0.033136095,0.081656805,0.008284024,0.063905325,0.014201183,0.016568047,0.020118343,0.002366864,0.036686391,0.050887574,0,0.013017751
55,53,16,56,7,26,5,7,0,9,7,4,0,0,8,9,0,1,263,0.209125475,0.201520913,0.060836502,0.212927757,0.02661597,0.098859316,0.019011407,0.02661597,0,0.034220532,0.02661597,0.015209125,0,0,0.030418251,0.034220532,0,0.003802281
516,177,41,207,56,150,52,59,12,52,60,30,11,2,82,42,93,4,1646,0.313487242,0.107533414,0.02490887,0.125759417,0.034021871,0.091130012,0.031591738,0.035844471,0.007290401,0.031591738,0.036452005,0.018226002,0.006682868,0.001215067,0.04981774,0.025516403,0.056500608,0.002430134
338,318,99,180,79,56,125,138,53,80,17,11,11,2,72,77,10,1,1667,0.202759448,0.190761848,0.059388122,0.107978404,0.047390522,0.033593281,0.074985003,0.082783443,0.031793641,0.047990402,0.01019796,0.00659868,0.00659868,0.00119976,0.043191362,0.046190762,0.0059988,0.00059988
442,282,144,238,113,114,71,96,14,65,32,18,15,1,102,103,23,3,1876,0.235607676,0.150319829,0.076759062,0.126865672,0.060234542,0.060767591,0.037846482,0.051172708,0.007462687,0.034648188,0.017057569,0.009594883,0.007995736,0.000533049,0.054371002,0.054904051,0.012260128,0.001599147
867,504,222,550,66,155,109,127,28,109,62,66,44,4,107,84,37,22,3163,0.274106861,0.159342396,0.070186532,0.173885552,0.020866266,0.04900411,0.034460955,0.040151755,0.008852355,0.034460955,0.019601644,0.020866266,0.013910844,0.001264622,0.033828644,0.026557066,0.011697755,0.006955422
282,92,94,115,40,22,48,61,7,80,21,15,11,1,31,29,9,5,963,0.292834891,0.095534787,0.09761163,0.119418484,0.041536864,0.022845275,0.049844237,0.063343718,0.007268951,0.083073728,0.021806854,0.015576324,0.011422638,0.001038422,0.03219107,0.030114226,0.009345794,0.005192108
159,117,61,76,69,21,42,41,20,37,4,4,6,0,37,43,1,1,739,0.215155616,0.158322057,0.082543978,0.102841678,0.093369418,0.028416779,0.056833559,0.055480379,0.027063599,0.050067659,0.00541272,0.00541272,0.00811908,0,0.050067659,0.058186739,0.00135318,0.00135318
216,123,63,190,25,36,22,18,0,18,20,19,11,0,44,38,6,7,856,0.252336449,0.143691589,0.073598131,0.221962617,0.029205607,0.042056075,0.025700935,0.021028037,0,0.021028037,0.023364486,0.022196262,0.012850467,0,0.051401869,0.044392523,0.007009346,0.00817757
612,210,256,212,158,6,144,200,17,141,47,52,43,6,51,95,21,16,2287,0.267599475,0.091823349,0.111937035,0.092697857,0.069086139,0.002623524,0.062964582,0.087450809,0.007433319,0.06165282,0.02055094,0.02273721,0.018801924,0.002623524,0.022299956,0.041539134,0.009182335,0.006996065
152,81,104,43,87,24,35,48,12,35,10,8,6,2,35,55,29,2,768,0.197916667,0.10546875,0.135416667,0.055989583,0.11328125,0.03125,0.045572917,0.0625,0.015625,0.045572917,0.013020833,0.010416667,0.0078125,0.002604167,0.045572917,0.071614583,0.037760417,0.002604167
378,396,102,144,89,335,139,177,235,55,7,3,0,2,76,60,29,1,2228,0.169658887,0.177737882,0.045780969,0.064631957,0.03994614,0.150359066,0.062387792,0.079443447,0.105475763,0.024685817,0.003141831,0.001346499,0,0.000897666,0.034111311,0.026929982,0.013016158,0.000448833
564,702,422,188,238,24,181,294,288,236,22,19,27,11,139,107,7,13,3482,0.161975876,0.201608271,0.121194716,0.053991959,0.068351522,0.00689259,0.05198162,0.084434233,0.082711086,0.06777714,0.006318208,0.005456634,0.007754164,0.003159104,0.039919586,0.030729466,0.002010339,0.003733487
181,174,132,156,79,93,21,39,9,24,10,16,18,4,59,65,5,3,1088,0.166360294,0.159926471,0.121323529,0.143382353,0.072610294,0.085477941,0.019301471,0.035845588,0.008272059,0.022058824,0.009191176,0.014705882,0.016544118,0.003676471,0.054227941,0.059742647,0.004595588,0.002757353
543,240,127,326,56,29,57,72,14,61,26,23,15,2,67,63,10,15,1746,0.310996564,0.137457045,0.072737686,0.186712486,0.03207331,0.016609393,0.032646048,0.041237113,0.008018328,0.034936999,0.01489118,0.013172967,0.008591065,0.001145475,0.038373425,0.036082474,0.005727377,0.008591065
219,114,49,51,29,32,28,38,21,31,8,6,2,1,25,19,19,3,695,0.315107914,0.164028777,0.070503597,0.073381295,0.041726619,0.046043165,0.04028777,0.054676259,0.030215827,0.044604317,0.011510791,0.008633094,0.002877698,0.001438849,0.035971223,0.027338129,0.027338129,0.004316547
442,92,67,128,40,42,73,61,13,81,45,22,21,3,44,36,26,5,1241,0.356164384,0.074133763,0.053988719,0.103142627,0.032232071,0.033843674,0.058823529,0.049153908,0.010475423,0.065269944,0.03626108,0.017727639,0.016921837,0.002417405,0.035455278,0.029008864,0.020950846,0.004029009
982,420,201,330,137,144,188,245,93,146,86,51,44,7,116,120,64,20,3394,0.289334119,0.12374779,0.059222157,0.097230407,0.040365351,0.042427814,0.055391868,0.072186211,0.027401296,0.043017089,0.025338833,0.015026517,0.012964054,0.002062463,0.034177961,0.035356511,0.018856806,0.005892752
376,124,127,91,53,16,43,79,76,55,20,34,28,12,38,50,10,4,1236,0.30420712,0.100323625,0.102750809,0.073624595,0.042880259,0.012944984,0.034789644,0.063915858,0.061488673,0.044498382,0.01618123,0.027508091,0.022653722,0.009708738,0.030744337,0.040453074,0.008090615,0.003236246
757,240,119,120,59,190,57,72,41,70,86,107,45,3,52,65,208,3,2294,0.329991282,0.10462075,0.051874455,0.052310375,0.025719268,0.08282476,0.024847428,0.031386225,0.017872711,0.030514385,0.037489102,0.046643418,0.019616391,0.001307759,0.022667829,0.028334786,0.090671316,0.001307759
960,355,395,175,182,53,258,397,118,313,82,67,50,33,102,149,38,12,3739,0.256753143,0.094945173,0.10564322,0.046803958,0.048676117,0.014174913,0.069002407,0.106178122,0.03155924,0.083712223,0.021930998,0.01791923,0.01337256,0.008825889,0.027280021,0.039850227,0.010163145,0.003209414
748,400,261,196,152,132,192,179,139,152,27,31,27,6,103,113,76,4,2938,0.254594963,0.136147039,0.088835943,0.066712049,0.051735875,0.044928523,0.065350579,0.0609258,0.047311096,0.051735875,0.009189925,0.010551396,0.009189925,0.002042206,0.035057862,0.038461538,0.025867937,0.00136147
683,300,252,147,223,640,90,124,73,94,45,38,26,7,127,102,70,9,3050,0.223934426,0.098360656,0.082622951,0.048196721,0.073114754,0.209836066,0.029508197,0.040655738,0.023934426,0.030819672,0.014754098,0.012459016,0.00852459,0.002295082,0.041639344,0.033442623,0.02295082,0.00295082
982,353,208,288,134,168,112,125,41,134,77,67,52,13,100,100,78,33,3065,0.320391517,0.115171289,0.067862969,0.093964111,0.043719413,0.054812398,0.036541599,0.040783034,0.013376835,0.043719413,0.025122349,0.021859706,0.016965742,0.004241436,0.032626427,0.032626427,0.025448613,0.010766721
152,155,101,31,52,132,25,33,18,47,13,11,7,5,33,37,56,9,917,0.165757906,0.169029444,0.110141767,0.033805889,0.056706652,0.143947655,0.027262814,0.035986914,0.019629226,0.051254089,0.014176663,0.011995638,0.007633588,0.005452563,0.035986914,0.040348964,0.061068702,0.009814613
815,569,453,255,167,94,157,261,82,244,50,50,60,4,119,126,23,24,3553,0.229383619,0.160146355,0.127497889,0.071770335,0.047002533,0.026456516,0.04418801,0.073459049,0.023079088,0.06867436,0.014072615,0.014072615,0.016887138,0.001125809,0.033492823,0.035462989,0.006473403,0.006754855
1009,279,287,231,54,85,113,210,37,206,62,44,69,9,48,55,51,26,2875,0.350956522,0.097043478,0.099826087,0.080347826,0.018782609,0.029565217,0.039304348,0.073043478,0.012869565,0.071652174,0.021565217,0.015304348,0.024,0.003130435,0.016695652,0.019130435,0.01773913,0.009043478
343,163,149,94,74,64,57,73,12,61,27,20,17,1,77,91,24,7,1354,0.253323486,0.120384047,0.110044313,0.069423929,0.05465288,0.047267356,0.042097489,0.053914328,0.008862629,0.045051699,0.019940916,0.014771049,0.012555391,0.000738552,0.056868538,0.067208272,0.017725258,0.005169867
69,27,33,18,11,2,14,17,1,18,5,13,7,1,9,6,0,3,254,0.271653543,0.106299213,0.12992126,0.070866142,0.043307087,0.007874016,0.05511811,0.066929134,0.003937008,0.070866142,0.019685039,0.051181102,0.027559055,0.003937008,0.035433071,0.023622047,0,0.011811024
446,325,106,241,28,96,57,29,2,74,27,29,17,0,83,66,42,25,1693,0.263437685,0.191966923,0.06261075,0.142350856,0.016538689,0.056704076,0.033668045,0.017129356,0.001181335,0.043709392,0.015948021,0.017129356,0.010041347,0,0.049025399,0.038984052,0.024808033,0.014766686
109,120,44,57,23,66,9,11,0,10,7,11,8,0,34,41,4,5,559,0.194991055,0.214669052,0.078711986,0.1019678,0.041144902,0.118067979,0.016100179,0.019677996,0,0.017889088,0.012522361,0.019677996,0.01431127,0,0.060822898,0.073345259,0.007155635,0.008944544
198,124,87,73,56,93,40,29,4,43,15,9,13,2,77,62,5,5,935,0.211764706,0.132620321,0.093048128,0.078074866,0.059893048,0.099465241,0.042780749,0.031016043,0.004278075,0.045989305,0.016042781,0.009625668,0.013903743,0.002139037,0.082352941,0.06631016,0.005347594,0.005347594
451,224,285,199,141,41,108,112,5,136,30,24,15,3,73,97,9,13,1966,0.229399797,0.113936928,0.144964395,0.101220753,0.071719227,0.020854527,0.054933876,0.056968464,0.002543235,0.069175992,0.01525941,0.012207528,0.007629705,0.001525941,0.037131231,0.049338759,0.004577823,0.006612411
299,92,89,96,38,152,63,25,12,36,27,31,14,1,87,51,26,23,1162,0.257314974,0.079173838,0.076592083,0.082616179,0.032702238,0.13080895,0.054216867,0.02151463,0.010327022,0.030981067,0.0232358,0.026678141,0.012048193,0.000860585,0.074870912,0.043889845,0.022375215,0.01979346
815,441,336,321,69,93,171,246,179,213,30,35,30,11,91,67,27,31,3206,0.254210855,0.137554585,0.104803493,0.100124766,0.021522146,0.02900811,0.053337492,0.076731129,0.055832813,0.066437929,0.009357455,0.010917031,0.009357455,0.003431067,0.028384279,0.020898316,0.008421709,0.00966937
49,15,22,9,16,2,21,10,3,15,0,3,2,1,6,9,2,4,189,0.259259259,0.079365079,0.116402116,0.047619048,0.084656085,0.010582011,0.111111111,0.052910053,0.015873016,0.079365079,0,0.015873016,0.010582011,0.005291005,0.031746032,0.047619048,0.010582011,0.021164021
109,60,54,53,8,6,3,7,0,26,5,6,10,3,17,11,0,14,392,0.278061224,0.153061224,0.137755102,0.135204082,0.020408163,0.015306122,0.007653061,0.017857143,0,0.066326531,0.012755102,0.015306122,0.025510204,0.007653061,0.043367347,0.028061224,0,0.035714286
520,469,188,170,96,77,119,107,24,122,22,18,13,2,73,74,197,12,2303,0.225792445,0.203647416,0.081632653,0.073816761,0.041684759,0.03343465,0.051671733,0.046461138,0.01042119,0.052974381,0.009552757,0.007815892,0.005644811,0.000868432,0.031697785,0.032132002,0.085540599,0.005210595
80,31,44,12,35,39,26,22,2,22,3,3,1,2,17,26,4,3,372,0.215053763,0.083333333,0.11827957,0.032258065,0.094086022,0.10483871,0.069892473,0.059139785,0.005376344,0.059139785,0.008064516,0.008064516,0.002688172,0.005376344,0.045698925,0.069892473,0.010752688,0.008064516
717,536,327,290,178,149,247,211,100,201,29,33,30,8,179,139,29,31,3434,0.208794409,0.156086197,0.095224228,0.084449621,0.051834595,0.043389633,0.071927781,0.06144438,0.029120559,0.058532324,0.008444962,0.009609785,0.008736168,0.002329645,0.052125801,0.040477577,0.008444962,0.009027373
102,43,18,77,4,4,5,6,0,11,3,6,9,0,9,10,2,2,311,0.327974277,0.138263666,0.057877814,0.247588424,0.012861736,0.012861736,0.01607717,0.019292605,0,0.035369775,0.009646302,0.019292605,0.028938907,0,0.028938907,0.032154341,0.006430868,0.006430868
699,540,412,310,156,241,144,171,47,177,49,34,24,6,152,155,15,58,3390,0.20619469,0.159292035,0.121533923,0.091445428,0.046017699,0.071091445,0.042477876,0.050442478,0.013864307,0.052212389,0.014454277,0.010029499,0.007079646,0.001769912,0.044837758,0.045722714,0.004424779,0.017109145
549,243,199,168,135,121,116,111,13,123,29,42,18,4,87,93,13,13,2077,0.264323544,0.116995667,0.095811266,0.080885893,0.064997593,0.058257102,0.055849783,0.053442465,0.006259027,0.059220029,0.013962446,0.020221473,0.008666346,0.001925855,0.041887338,0.044776119,0.006259027,0.006259027
480,280,313,161,137,225,183,165,46,131,17,33,21,2,146,136,9,26,2511,0.191158901,0.111509359,0.124651533,0.064117881,0.054559936,0.089605735,0.072879331,0.065710872,0.018319395,0.05217045,0.006770211,0.013142174,0.008363202,0.000796495,0.058144166,0.054161689,0.003584229,0.01035444
555,198,101,87,42,9,103,155,24,206,39,26,11,9,32,35,16,5,1653,0.335753176,0.119782214,0.061101028,0.052631579,0.025408348,0.005444646,0.06231095,0.093768905,0.014519056,0.1246219,0.023593466,0.015728978,0.006654567,0.005444646,0.019358742,0.021173624,0.009679371,0.003024803
525,374,394,250,104,72,105,224,48,163,29,37,40,10,91,94,10,28,2598,0.202078522,0.14395689,0.151655119,0.096227868,0.040030793,0.027713626,0.040415704,0.086220169,0.018475751,0.06274057,0.011162433,0.014241724,0.015396459,0.003849115,0.035026944,0.036181678,0.003849115,0.010777521
185,27,13,82,2,9,16,15,2,18,16,3,5,0,12,7,8,2,422,0.438388626,0.063981043,0.030805687,0.194312796,0.004739336,0.021327014,0.037914692,0.035545024,0.004739336,0.042654028,0.037914692,0.007109005,0.011848341,0,0.028436019,0.016587678,0.018957346,0.004739336
412,210,180,200,69,33,44,82,13,97,19,20,30,2,61,61,6,16,1555,0.264951768,0.135048232,0.115755627,0.128617363,0.04437299,0.021221865,0.02829582,0.052733119,0.008360129,0.062379421,0.01221865,0.012861736,0.019292605,0.001286174,0.039228296,0.039228296,0.003858521,0.010289389
714,552,223,331,120,114,120,119,47,93,36,28,34,3,138,120,41,22,2855,0.250087566,0.193345009,0.078108581,0.115936953,0.042031524,0.039929947,0.042031524,0.041681261,0.016462347,0.032574431,0.012609457,0.009807356,0.011908932,0.001050788,0.048336252,0.042031524,0.014360771,0.007705779
669,555,310,415,129,165,58,109,35,86,34,23,22,3,148,138,8,52,2959,0.226089895,0.187563366,0.104765123,0.140250084,0.043595809,0.055762082,0.019601217,0.036836769,0.01182832,0.029063873,0.011490368,0.007772896,0.007434944,0.001013856,0.050016898,0.046637377,0.002703616,0.017573505
253,80,26,111,13,36,22,27,2,25,11,13,10,2,25,16,13,2,687,0.368267831,0.116448326,0.037845706,0.161572052,0.018922853,0.052401747,0.03202329,0.03930131,0.002911208,0.036390102,0.016011645,0.018922853,0.014556041,0.002911208,0.036390102,0.023289665,0.018922853,0.002911208
137,66,10,42,6,29,13,15,1,29,14,8,8,1,17,16,26,0,438,0.312785388,0.150684932,0.02283105,0.095890411,0.01369863,0.066210046,0.029680365,0.034246575,0.002283105,0.066210046,0.03196347,0.01826484,0.01826484,0.002283105,0.038812785,0.03652968,0.059360731,0
395,174,88,273,14,76,38,36,0,47,22,30,32,3,54,50,2,11,1345,0.293680297,0.12936803,0.065427509,0.202973978,0.010408922,0.056505576,0.028252788,0.026765799,0,0.034944238,0.016356877,0.022304833,0.023791822,0.002230483,0.040148699,0.037174721,0.001486989,0.008178439
87,9,3,41,1,1,6,9,2,12,8,7,3,0,5,0,3,1,198,0.439393939,0.045454545,0.015151515,0.207070707,0.005050505,0.005050505,0.03030303,0.045454545,0.01010101,0.060606061,0.04040404,0.035353535,0.015151515,0,0.025252525,0,0.015151515,0.005050505
668,156,161,223,61,24,230,208,16,172,30,33,24,3,45,54,10,13,2131,0.313467855,0.073205068,0.075551384,0.104645706,0.028625059,0.011262318,0.107930549,0.097606757,0.007508212,0.08071328,0.014077898,0.015485687,0.011262318,0.00140779,0.021116847,0.025340216,0.004692633,0.006100422
327,121,85,75,62,93,65,64,22,60,41,23,13,3,37,40,39,21,1191,0.274559194,0.101595298,0.071368598,0.062972292,0.052057095,0.078085642,0.054575987,0.053736356,0.018471872,0.050377834,0.034424853,0.019311503,0.010915197,0.002518892,0.031066331,0.033585223,0.032745592,0.017632242
646,208,89,361,16,129,31,28,8,39,65,71,42,2,66,28,23,23,1875,0.344533333,0.110933333,0.047466667,0.192533333,0.008533333,0.0688,0.016533333,0.014933333,0.004266667,0.0208,0.034666667,0.037866667,0.0224,0.001066667,0.0352,0.014933333,0.012266667,0.012266667
902,304,231,305,92,108,133,102,37,122,44,55,57,8,103,106,137,18,2864,0.314944134,0.106145251,0.080656425,0.106494413,0.032122905,0.037709497,0.046438547,0.035614525,0.012918994,0.042597765,0.015363128,0.019203911,0.019902235,0.002793296,0.035963687,0.037011173,0.047835196,0.006284916
507,225,322,146,183,199,98,145,10,114,51,63,54,10,107,157,26,18,2435,0.208213552,0.092402464,0.132238193,0.059958932,0.075154004,0.081724846,0.040246407,0.059548255,0.004106776,0.046817248,0.020944559,0.02587269,0.022176591,0.004106776,0.043942505,0.064476386,0.010677618,0.007392197
697,326,302,177,168,316,131,242,162,160,44,48,35,10,113,137,90,6,3164,0.220290771,0.103034134,0.095448799,0.055941846,0.053097345,0.099873578,0.041403287,0.076485461,0.051201011,0.0505689,0.013906448,0.01517067,0.011061947,0.003160556,0.035714286,0.043299621,0.028445006,0.001896334
948,334,265,310,113,81,252,266,92,188,100,98,78,7,108,129,86,19,3474,0.272884283,0.096142775,0.076280944,0.089234312,0.032527346,0.023316062,0.07253886,0.076568797,0.026482441,0.054116292,0.028785262,0.028209557,0.022452504,0.002014968,0.031088083,0.037132988,0.024755325,0.0054692
599,392,166,249,65,251,87,90,12,91,38,36,36,4,94,86,51,29,2376,0.252104377,0.164983165,0.06986532,0.10479798,0.027356902,0.105639731,0.036616162,0.037878788,0.005050505,0.038299663,0.015993266,0.015151515,0.015151515,0.001683502,0.03956229,0.036195286,0.021464646,0.012205387
107,82,108,41,46,32,34,29,0,25,5,4,6,0,60,63,2,7,651,0.164362519,0.125960061,0.165898618,0.062980031,0.070660522,0.049155146,0.052227343,0.044546851,0,0.038402458,0.007680492,0.006144393,0.00921659,0,0.092165899,0.096774194,0.003072197,0.010752688
134,91,31,91,21,27,16,11,6,13,8,7,6,0,38,25,3,6,534,0.25093633,0.170411985,0.058052434,0.170411985,0.039325843,0.050561798,0.029962547,0.020599251,0.011235955,0.024344569,0.014981273,0.013108614,0.011235955,0,0.071161049,0.046816479,0.005617978,0.011235955
401,373,299,182,166,129,81,110,52,70,24,16,9,3,188,179,7,8,2297,0.174575533,0.162385721,0.130169787,0.079233783,0.072268176,0.056160209,0.035263387,0.04788855,0.022638224,0.030474532,0.010448411,0.006965607,0.003918154,0.001306051,0.081845886,0.077927732,0.003047453,0.003482804
136,61,79,58,33,41,22,21,10,30,7,11,8,0,60,51,0,6,634,0.214511041,0.096214511,0.124605678,0.09148265,0.052050473,0.06466877,0.034700315,0.033123028,0.015772871,0.047318612,0.011041009,0.017350158,0.012618297,0,0.094637224,0.08044164,0,0.009463722
233,64,34,154,6,9,14,6,2,12,7,17,6,0,32,5,9,29,639,0.364632238,0.100156495,0.053208138,0.241001565,0.009389671,0.014084507,0.021909233,0.009389671,0.00312989,0.018779343,0.010954617,0.026604069,0.009389671,0,0.050078247,0.007824726,0.014084507,0.045383412
136,30,16,51,31,5,31,31,8,19,24,5,5,0,11,13,0,0,416,0.326923077,0.072115385,0.038461538,0.122596154,0.074519231,0.012019231,0.074519231,0.074519231,0.019230769,0.045673077,0.057692308,0.012019231,0.012019231,0,0.026442308,0.03125,0,0
126,99,132,26,72,44,17,27,5,46,14,8,10,0,41,68,1,1,737,0.170963365,0.134328358,0.179104478,0.035278155,0.097693351,0.059701493,0.023066486,0.036635007,0.006784261,0.062415197,0.018995929,0.010854817,0.013568521,0,0.055630936,0.092265943,0.001356852,0.001356852
126,61,56,88,31,21,12,17,11,18,6,4,4,0,50,41,2,5,553,0.227848101,0.110307414,0.101265823,0.159132007,0.056057866,0.037974684,0.021699819,0.03074141,0.019891501,0.032549729,0.01084991,0.007233273,0.007233273,0,0.090415913,0.074141049,0.003616637,0.009041591
94,90,112,41,60,98,27,20,2,32,1,3,5,0,57,69,1,11,723,0.130013831,0.124481328,0.154910097,0.05670816,0.082987552,0.135546335,0.037344398,0.027662517,0.002766252,0.044260028,0.001383126,0.004149378,0.006915629,0,0.078838174,0.095435685,0.001383126,0.015214385
278,117,139,97,61,76,76,60,7,70,16,18,15,2,69,54,2,17,1174,0.236797274,0.099659284,0.118398637,0.082623509,0.051959114,0.064735945,0.064735945,0.051107325,0.005962521,0.059625213,0.01362862,0.015332198,0.012776831,0.001703578,0.058773424,0.045996593,0.001703578,0.014480409
703,346,271,206,95,73,121,190,217,149,28,37,31,4,85,55,81,20,2712,0.259218289,0.127581121,0.099926254,0.075958702,0.035029499,0.026917404,0.044616519,0.070058997,0.080014749,0.054941003,0.010324484,0.013643068,0.011430678,0.001474926,0.031342183,0.020280236,0.029867257,0.007374631
158,66,50,30,35,27,41,41,16,40,15,17,10,3,34,16,31,0,630,0.250793651,0.104761905,0.079365079,0.047619048,0.055555556,0.042857143,0.065079365,0.065079365,0.025396825,0.063492063,0.023809524,0.026984127,0.015873016,0.004761905,0.053968254,0.025396825,0.049206349,0
94,35,24,29,13,7,19,27,10,25,7,2,4,0,17,14,8,2,337,0.278931751,0.103857567,0.071216617,0.086053412,0.038575668,0.020771513,0.056379822,0.080118694,0.029673591,0.074183976,0.020771513,0.005934718,0.011869436,0,0.050445104,0.041543027,0.023738872,0.005934718
194,72,27,72,16,14,57,44,19,50,7,5,2,0,33,12,41,3,668,0.290419162,0.107784431,0.040419162,0.107784431,0.023952096,0.020958084,0.085329341,0.065868263,0.028443114,0.074850299,0.010479042,0.00748503,0.002994012,0,0.049401198,0.017964072,0.061377246,0.004491018
435,145,123,152,48,45,72,80,9,78,40,40,46,4,38,63,29,7,1454,0.299174691,0.099724897,0.084594223,0.104539202,0.03301238,0.030949106,0.049518569,0.055020633,0.006189821,0.053645117,0.027510316,0.027510316,0.031636864,0.002751032,0.026134801,0.043328748,0.019944979,0.004814305
460,184,273,127,142,76,85,113,13,103,30,28,27,8,92,127,9,14,1911,0.240711669,0.096284668,0.142857143,0.066457352,0.074306646,0.039769754,0.04447933,0.059131345,0.006802721,0.053898482,0.015698587,0.014652015,0.014128728,0.00418629,0.048142334,0.066457352,0.004709576,0.007326007
465,320,235,88,58,49,63,164,16,246,44,48,48,11,43,73,17,3,1991,0.233550979,0.160723255,0.11803114,0.044198895,0.02913109,0.024610748,0.031642391,0.082370668,0.008036163,0.123556002,0.022099448,0.024108488,0.024108488,0.005524862,0.021597187,0.036664992,0.008538423,0.001506781
452,345,59,102,121,52,106,65,11,65,36,23,13,1,68,60,19,3,1601,0.282323548,0.215490319,0.036851968,0.063710181,0.075577764,0.0324797,0.06620862,0.040599625,0.006870706,0.040599625,0.022485946,0.014366021,0.008119925,0.00062461,0.042473454,0.037476577,0.011867583,0.001873829
606,460,226,508,46,48,43,61,8,94,16,23,19,2,101,36,4,45,2346,0.25831202,0.196078431,0.096334186,0.216538789,0.019607843,0.020460358,0.018329071,0.026001705,0.00341006,0.040068201,0.006820119,0.009803922,0.008098892,0.000852515,0.043052003,0.015345269,0.00170503,0.019181586
622,384,344,206,113,142,146,121,45,142,34,38,37,7,146,166,18,39,2750,0.226181818,0.139636364,0.125090909,0.074909091,0.041090909,0.051636364,0.053090909,0.044,0.016363636,0.051636364,0.012363636,0.013818182,0.013454545,0.002545455,0.053090909,0.060363636,0.006545455,0.014181818
400,136,69,188,52,23,65,85,33,46,16,16,12,0,42,39,8,2,1232,0.324675325,0.11038961,0.056006494,0.152597403,0.042207792,0.018668831,0.05275974,0.068993506,0.026785714,0.037337662,0.012987013,0.012987013,0.00974026,0,0.034090909,0.031655844,0.006493506,0.001623377
791,341,196,384,112,36,123,77,12,97,32,30,20,3,101,86,9,9,2459,0.321675478,0.138674258,0.079707198,0.156161041,0.04554697,0.014640098,0.050020333,0.031313542,0.004880033,0.03944693,0.01301342,0.012200081,0.008133388,0.001220008,0.041073607,0.034973566,0.003660024,0.003660024
371,182,166,132,50,61,64,66,9,88,23,26,26,3,76,80,12,17,1452,0.255509642,0.125344353,0.114325069,0.090909091,0.034435262,0.042011019,0.044077135,0.045454545,0.006198347,0.060606061,0.01584022,0.017906336,0.017906336,0.002066116,0.052341598,0.055096419,0.008264463,0.011707989
314,267,82,136,50,220,24,15,6,20,8,13,11,1,57,59,23,15,1321,0.237698713,0.202119606,0.062074186,0.102952309,0.037850114,0.1665405,0.018168055,0.011355034,0.004542014,0.015140045,0.006056018,0.00984103,0.008327025,0.000757002,0.043149129,0.044663134,0.017411052,0.011355034
369,196,214,134,155,98,98,148,77,48,25,28,17,1,137,157,29,3,1934,0.190796277,0.101344364,0.110651499,0.069286453,0.080144778,0.050672182,0.050672182,0.076525336,0.039813857,0.024819028,0.012926577,0.014477766,0.008790072,0.000517063,0.070837642,0.081178904,0.014994829,0.001551189
1070,299,158,490,39,27,143,88,8,156,58,58,46,3,89,48,19,19,2818,0.379701916,0.10610362,0.056068133,0.173882186,0.013839603,0.009581263,0.050745209,0.031227821,0.002838893,0.05535841,0.020581973,0.020581973,0.016323634,0.001064585,0.031582683,0.017033357,0.00674237,0.00674237
240,77,72,64,54,25,64,38,16,55,11,14,9,1,45,43,15,2,845,0.284023669,0.09112426,0.085207101,0.075739645,0.063905325,0.029585799,0.075739645,0.044970414,0.018934911,0.065088757,0.013017751,0.016568047,0.010650888,0.001183432,0.053254438,0.050887574,0.017751479,0.002366864
268,70,50,178,14,8,31,20,12,19,38,47,17,0,27,11,27,25,862,0.310904872,0.081206497,0.05800464,0.20649652,0.016241299,0.009280742,0.035962877,0.023201856,0.013921114,0.022041763,0.044083527,0.054524362,0.019721578,0,0.031322506,0.012761021,0.031322506,0.02900232
451,238,162,167,87,107,61,62,16,65,20,19,16,2,97,97,34,6,1707,0.26420621,0.139425893,0.094903339,0.097832455,0.050966608,0.06268307,0.035735208,0.036321031,0.009373169,0.0380785,0.011716462,0.011130639,0.009373169,0.001171646,0.056824839,0.056824839,0.019917985,0.003514938
543,197,309,219,176,103,89,144,27,101,45,57,46,9,130,157,14,17,2383,0.227864037,0.082668905,0.129668485,0.091900965,0.073856483,0.043222828,0.037347881,0.060428032,0.011330256,0.04238355,0.01888376,0.023919429,0.019303399,0.003776752,0.054553084,0.06588334,0.005874948,0.007133865
213,99,90,71,49,45,41,31,2,27,16,14,12,1,46,59,4,15,835,0.25508982,0.118562874,0.107784431,0.08502994,0.058682635,0.053892216,0.049101796,0.037125749,0.00239521,0.032335329,0.019161677,0.016766467,0.014371257,0.001197605,0.05508982,0.070658683,0.004790419,0.017964072
509,352,259,356,66,112,65,68,15,107,35,29,18,1,140,87,7,37,2263,0.224922669,0.155545736,0.114449845,0.157313301,0.029164825,0.049491825,0.028722934,0.030048608,0.006628369,0.047282369,0.015466195,0.012814848,0.007954043,0.000441891,0.061864781,0.038444543,0.003093239,0.016349978
200,84,126,49,97,24,41,62,5,52,15,9,11,4,42,69,4,5,899,0.22246941,0.093437152,0.140155729,0.054505006,0.107897664,0.026696329,0.045606229,0.068965517,0.005561735,0.057842047,0.016685206,0.010011123,0.012235818,0.004449388,0.046718576,0.076751947,0.004449388,0.005561735
144,20,54,21,33,8,45,57,4,31,16,16,15,1,16,18,1,4,504,0.285714286,0.03968254,0.107142857,0.041666667,0.06547619,0.015873016,0.089285714,0.113095238,0.007936508,0.061507937,0.031746032,0.031746032,0.029761905,0.001984127,0.031746032,0.035714286,0.001984127,0.007936508
701,364,441,310,214,286,112,178,94,152,17,27,32,7,139,164,14,29,3281,0.213654374,0.110941786,0.134410241,0.094483389,0.065224017,0.087168546,0.034135934,0.054251753,0.028649802,0.046327339,0.005181347,0.008229198,0.009753124,0.002133496,0.042365133,0.049984761,0.004266992,0.008838769
496,150,140,158,83,34,138,153,40,117,31,20,12,4,44,51,34,8,1713,0.289550496,0.087565674,0.081727963,0.092235844,0.048453006,0.019848219,0.08056042,0.089316988,0.023350846,0.068301226,0.018096906,0.011675423,0.007005254,0.002335085,0.025685931,0.029772329,0.019848219,0.004670169
667,412,335,325,132,232,166,174,80,148,37,45,46,3,127,124,69,26,3148,0.211880559,0.130876747,0.106416773,0.103240152,0.041931385,0.073697586,0.052731893,0.055273189,0.025412961,0.047013977,0.011753494,0.01429479,0.014612452,0.000952986,0.040343075,0.039390089,0.021918679,0.008259212
497,267,281,140,171,116,100,114,27,118,37,28,36,3,135,169,6,8,2253,0.220594763,0.118508655,0.124722592,0.06213937,0.075898802,0.051486906,0.044385264,0.050599201,0.011984021,0.052374612,0.016422548,0.012427874,0.015978695,0.001331558,0.059920107,0.075011096,0.002663116,0.003550821
829,396,430,340,130,130,148,135,28,156,75,75,49,6,158,159,46,65,3355,0.24709389,0.118032787,0.128166915,0.101341282,0.038748137,0.038748137,0.044113264,0.04023845,0.008345753,0.046497765,0.022354694,0.022354694,0.014605067,0.001788376,0.04709389,0.047391952,0.013710879,0.019374069
957,396,265,273,169,167,171,175,70,185,75,56,41,3,173,136,74,5,3391,0.282217635,0.116779711,0.078148039,0.080507225,0.049837806,0.049248009,0.050427602,0.051607196,0.020642878,0.054556178,0.02211737,0.016514303,0.012090829,0.000884695,0.051017399,0.040106163,0.021822471,0.001474491
948,357,190,258,65,143,85,104,29,140,47,57,55,6,85,48,104,33,2754,0.34422658,0.12962963,0.068990559,0.093681917,0.023602033,0.051924473,0.030864198,0.037763253,0.010530138,0.050835149,0.017066086,0.020697168,0.019970951,0.002178649,0.030864198,0.017429194,0.037763253,0.011982571
449,157,116,119,80,17,73,107,13,99,59,25,24,14,39,90,40,1,1522,0.29500657,0.103153745,0.076215506,0.078186597,0.052562418,0.011169514,0.047963206,0.070302234,0.008541393,0.065045992,0.038764783,0.016425756,0.015768725,0.009198423,0.025624179,0.05913272,0.026281209,0.00065703
623,343,283,176,200,239,143,162,79,144,49,32,34,11,151,167,38,9,2883,0.216094346,0.118973292,0.098161637,0.06104752,0.069372182,0.082899757,0.04960111,0.056191467,0.027402012,0.049947971,0.016996185,0.011099549,0.011793271,0.00381547,0.052375997,0.057925772,0.013180715,0.003121748
584,208,350,121,186,64,181,246,82,175,75,70,48,6,99,180,37,7,2719,0.214784847,0.076498713,0.128723796,0.044501655,0.068407503,0.023538065,0.066568591,0.090474439,0.030158146,0.064361898,0.02758367,0.025744759,0.017653549,0.002206694,0.036410445,0.066200809,0.013607944,0.002574476
1055,418,200,285,111,117,127,162,25,157,86,59,34,9,115,119,62,12,3153,0.334601966,0.132572154,0.063431652,0.090390105,0.035204567,0.037107517,0.040279099,0.051379638,0.007928957,0.049793847,0.027275611,0.018712337,0.010783381,0.002854424,0.0364732,0.037741833,0.019663812,0.003805899
160,71,66,32,45,30,31,58,18,43,38,14,4,2,32,54,14,0,712,0.224719101,0.099719101,0.092696629,0.04494382,0.063202247,0.042134831,0.043539326,0.081460674,0.025280899,0.060393258,0.053370787,0.019662921,0.005617978,0.002808989,0.04494382,0.075842697,0.019662921,0
81,28,43,20,13,13,21,9,2,25,2,7,7,3,17,19,1,14,325,0.249230769,0.086153846,0.132307692,0.061538462,0.04,0.04,0.064615385,0.027692308,0.006153846,0.076923077,0.006153846,0.021538462,0.021538462,0.009230769,0.052307692,0.058461538,0.003076923,0.043076923
600,438,375,129,260,216,316,362,287,226,21,14,8,7,179,157,6,11,3612,0.166112957,0.121262458,0.103820598,0.035714286,0.071982281,0.059800664,0.087486157,0.100221484,0.079457364,0.062569214,0.005813953,0.003875969,0.002214839,0.001937984,0.049557032,0.043466224,0.00166113,0.003045404
455,348,99,150,57,231,39,73,37,58,29,33,25,3,70,63,193,4,1967,0.231316726,0.176919166,0.050330452,0.076258261,0.028978139,0.117437722,0.019827148,0.037112354,0.018810371,0.029486528,0.014743264,0.016776817,0.01270971,0.001525165,0.035587189,0.03202847,0.098118963,0.002033554
916,492,257,344,117,157,144,192,27,189,68,57,48,11,155,160,24,25,3383,0.270765593,0.145433048,0.075968076,0.101684895,0.034584688,0.046408513,0.04256577,0.05675436,0.007981082,0.055867573,0.020100503,0.016848951,0.01418859,0.003251552,0.045817322,0.0472953,0.007094295,0.007389891
833,322,324,237,109,138,112,145,62,154,65,47,53,8,114,135,148,21,3027,0.275189957,0.10637595,0.10703667,0.078295342,0.03600925,0.045589693,0.03700033,0.047902213,0.020482326,0.050875454,0.021473406,0.015526924,0.017509085,0.002642881,0.037661051,0.044598612,0.048893294,0.006937562
1023,265,151,180,119,58,142,227,100,168,82,42,21,15,88,115,83,3,2882,0.354961832,0.091950035,0.052394171,0.062456627,0.04129077,0.020124913,0.049271339,0.078764747,0.034698126,0.058292852,0.028452464,0.014573213,0.007286607,0.005204719,0.030534351,0.039902845,0.028799445,0.001040944
136,38,13,15,7,7,11,28,6,46,14,22,5,0,6,8,166,0,528,0.257575758,0.071969697,0.024621212,0.028409091,0.013257576,0.013257576,0.020833333,0.053030303,0.011363636,0.087121212,0.026515152,0.041666667,0.009469697,0,0.011363636,0.015151515,0.314393939,0
744,404,214,215,117,92,193,179,87,179,58,41,38,1,126,96,145,14,2943,0.252803262,0.13727489,0.072714917,0.073054706,0.039755352,0.031260618,0.065579341,0.06082229,0.029561672,0.06082229,0.019707781,0.013931363,0.012911995,0.000339789,0.042813456,0.032619776,0.049269453,0.004757051
37,23,45,12,38,10,10,13,12,13,1,0,2,0,25,20,0,3,264,0.140151515,0.087121212,0.170454545,0.045454545,0.143939394,0.037878788,0.037878788,0.049242424,0.045454545,0.049242424,0.003787879,0,0.007575758,0,0.09469697,0.075757576,0,0.011363636
602,441,382,266,175,140,217,264,262,182,29,31,34,3,163,162,28,20,3401,0.177006763,0.129667745,0.112319906,0.078212291,0.051455454,0.041164363,0.063804763,0.077624228,0.077036166,0.053513672,0.008526904,0.009114966,0.00999706,0.000882094,0.04792708,0.047633049,0.008232873,0.005880623
641,686,623,258,177,98,118,209,72,237,33,37,39,9,164,167,5,32,3605,0.177808599,0.190291262,0.172815534,0.071567268,0.049098474,0.027184466,0.032732316,0.057975035,0.019972261,0.065742025,0.009153953,0.010263523,0.010818308,0.002496533,0.045492372,0.046324549,0.001386963,0.00887656
637,458,352,145,164,127,263,213,164,233,29,43,43,5,150,126,38,12,3202,0.198938164,0.143035603,0.109931293,0.045284197,0.051217989,0.039662711,0.082136165,0.066520924,0.051217989,0.072767021,0.009056839,0.013429107,0.013429107,0.001561524,0.046845721,0.039350406,0.011867583,0.003747658
838,374,415,274,137,137,248,209,48,224,57,64,45,7,156,150,17,53,3453,0.242687518,0.108311613,0.120185346,0.079351289,0.039675644,0.039675644,0.071821604,0.060527078,0.013900956,0.064871127,0.016507385,0.018534608,0.013032146,0.002027223,0.045178106,0.043440487,0.004923255,0.015348972
629,152,168,111,113,37,114,174,69,152,55,38,28,10,46,58,91,15,2060,0.305339806,0.073786408,0.081553398,0.053883495,0.054854369,0.017961165,0.055339806,0.084466019,0.033495146,0.073786408,0.026699029,0.018446602,0.013592233,0.004854369,0.022330097,0.02815534,0.044174757,0.007281553
922,464,210,283,116,51,146,153,90,174,55,66,65,13,89,86,34,18,3035,0.303789127,0.152883031,0.069192751,0.09324547,0.038220758,0.016803954,0.048105437,0.050411862,0.029654036,0.057331137,0.018121911,0.021746293,0.021416804,0.004283361,0.029324547,0.028336079,0.011202636,0.005930807
268,50,26,73,31,40,28,24,7,29,11,13,19,1,35,16,42,7,720,0.372222222,0.069444444,0.036111111,0.101388889,0.043055556,0.055555556,0.038888889,0.033333333,0.009722222,0.040277778,0.015277778,0.018055556,0.026388889,0.001388889,0.048611111,0.022222222,0.058333333,0.009722222
84,29,24,51,21,16,11,12,1,15,2,2,2,0,27,27,0,0,324,0.259259259,0.089506173,0.074074074,0.157407407,0.064814815,0.049382716,0.033950617,0.037037037,0.00308642,0.046296296,0.00617284,0.00617284,0.00617284,0,0.083333333,0.083333333,0,0
164,149,137,46,31,70,33,18,5,46,7,6,8,0,72,40,18,20,870,0.188505747,0.171264368,0.157471264,0.052873563,0.035632184,0.08045977,0.037931034,0.020689655,0.005747126,0.052873563,0.008045977,0.006896552,0.009195402,0,0.082758621,0.045977011,0.020689655,0.022988506
96,76,42,78,18,24,44,18,18,16,3,3,5,0,31,18,0,2,492,0.195121951,0.154471545,0.085365854,0.158536585,0.036585366,0.048780488,0.089430894,0.036585366,0.036585366,0.032520325,0.006097561,0.006097561,0.010162602,0,0.06300813,0.036585366,0,0.004065041
200,125,193,68,112,40,50,80,50,64,10,14,9,6,66,81,12,14,1194,0.167504188,0.104690117,0.161641541,0.056951424,0.093802345,0.033500838,0.041876047,0.067001675,0.041876047,0.05360134,0.008375209,0.011725293,0.007537688,0.005025126,0.055276382,0.067839196,0.010050251,0.011725293
34,24,14,13,9,17,4,4,0,4,2,3,1,0,16,17,1,0,163,0.208588957,0.147239264,0.085889571,0.079754601,0.055214724,0.104294479,0.024539877,0.024539877,0,0.024539877,0.012269939,0.018404908,0.006134969,0,0.098159509,0.104294479,0.006134969,0
983,424,176,234,111,83,139,205,113,182,65,39,44,14,96,102,77,5,3092,0.317917206,0.137128072,0.056921087,0.075679172,0.035899094,0.026843467,0.044954722,0.066300129,0.036545925,0.058861578,0.021021992,0.012613195,0.014230272,0.004527814,0.031047865,0.032988357,0.024902975,0.001617076
190,176,103,94,49,74,44,22,4,31,11,10,11,1,80,84,0,6,990,0.191919192,0.177777778,0.104040404,0.094949495,0.049494949,0.074747475,0.044444444,0.022222222,0.004040404,0.031313131,0.011111111,0.01010101,0.011111111,0.001010101,0.080808081,0.084848485,0,0.006060606
876,293,292,240,198,89,227,252,125,211,44,40,26,11,129,129,73,11,3266,0.268218004,0.089712186,0.089406001,0.073484385,0.060624617,0.027250459,0.06950398,0.077158604,0.038273117,0.064605021,0.013472137,0.012247397,0.007960808,0.003368034,0.039497857,0.039497857,0.0223515,0.003368034
852,211,53,190,35,50,65,99,29,98,35,24,27,14,35,29,227,6,2079,0.40981241,0.101491101,0.025493025,0.091390091,0.016835017,0.024050024,0.031265031,0.047619048,0.013949014,0.047138047,0.016835017,0.011544012,0.012987013,0.006734007,0.016835017,0.013949014,0.109187109,0.002886003
1034,449,209,518,72,128,161,146,19,143,80,62,51,6,126,83,51,43,3381,0.305826678,0.132800946,0.061816031,0.15320911,0.021295475,0.037858622,0.047619048,0.04318249,0.005619639,0.042295179,0.023661639,0.01833777,0.015084295,0.001774623,0.037267081,0.02454895,0.015084295,0.012718131
275,112,108,94,53,49,99,116,114,70,7,8,7,1,80,48,2,2,1245,0.220883534,0.089959839,0.086746988,0.075502008,0.042570281,0.03935743,0.079518072,0.093172691,0.091566265,0.0562249,0.00562249,0.006425703,0.00562249,0.000803213,0.064257028,0.038554217,0.001606426,0.001606426
621,393,398,226,328,321,122,227,134,81,62,49,31,5,242,250,93,10,3593,0.17283607,0.109379349,0.110770944,0.062900083,0.091288617,0.089340384,0.033954912,0.063178402,0.03729474,0.022543835,0.017255775,0.013637629,0.008627888,0.001391595,0.067353187,0.069579738,0.025883663,0.00278319
102,58,20,67,11,18,28,5,1,17,1,0,2,0,26,18,6,2,382,0.267015707,0.151832461,0.052356021,0.17539267,0.028795812,0.047120419,0.073298429,0.013089005,0.002617801,0.044502618,0.002617801,0,0.005235602,0,0.068062827,0.047120419,0.015706806,0.005235602
770,540,418,226,208,148,180,204,67,227,37,37,42,10,177,172,19,24,3506,0.219623503,0.154021677,0.119224187,0.064460924,0.059326868,0.042213349,0.051340559,0.058185967,0.019110097,0.064746149,0.010553337,0.010553337,0.011979464,0.002852253,0.050484883,0.049058756,0.005419281,0.006845408
185,67,52,38,36,26,87,71,15,64,12,6,11,3,21,24,5,0,723,0.255878285,0.092669433,0.071922545,0.052558783,0.049792531,0.035961272,0.12033195,0.098201936,0.020746888,0.088520055,0.01659751,0.008298755,0.015214385,0.004149378,0.029045643,0.033195021,0.006915629,0
869,305,234,299,117,95,197,233,153,163,36,41,33,2,115,105,54,19,3070,0.283061889,0.099348534,0.076221498,0.097394137,0.038110749,0.030944625,0.064169381,0.075895765,0.049837134,0.053094463,0.011726384,0.013355049,0.010749186,0.000651466,0.037459283,0.034201954,0.017589577,0.006188925
560,366,364,161,177,173,173,175,34,168,19,36,36,5,137,126,36,25,2771,0.202093107,0.132082281,0.13136052,0.058101768,0.063875857,0.062432335,0.062432335,0.063154096,0.012269939,0.060627932,0.00685673,0.0129917,0.0129917,0.001804403,0.049440635,0.045470949,0.0129917,0.009022014
856,368,238,451,67,142,124,108,9,140,67,66,40,4,83,79,63,52,2957,0.289482584,0.124450457,0.08048698,0.152519445,0.022658099,0.048021644,0.041934393,0.036523504,0.003043625,0.047345282,0.022658099,0.022319919,0.013527224,0.001352722,0.028068989,0.026716266,0.021305377,0.017585391
117,18,10,35,1,1,7,1,0,10,4,12,7,0,5,4,2,6,240,0.4875,0.075,0.041666667,0.145833333,0.004166667,0.004166667,0.029166667,0.004166667,0,0.041666667,0.016666667,0.05,0.029166667,0,0.020833333,0.016666667,0.008333333,0.025
171,55,37,48,26,25,38,20,12,30,16,8,6,0,27,29,21,0,569,0.300527241,0.096660808,0.065026362,0.084358524,0.0456942,0.043936731,0.066783831,0.035149385,0.021089631,0.052724077,0.028119508,0.014059754,0.010544815,0,0.04745167,0.050966608,0.036906854,0
1002,290,102,236,60,259,105,114,26,134,56,58,39,8,83,41,73,6,2692,0.372213967,0.107726597,0.037890045,0.087667162,0.022288262,0.096210996,0.039004458,0.042347697,0.009658247,0.049777117,0.020802377,0.021545319,0.01448737,0.002971768,0.030832095,0.015230312,0.027117385,0.002228826
799,281,135,246,95,154,180,121,68,134,32,32,23,4,148,69,140,15,2676,0.29857997,0.105007474,0.05044843,0.091928251,0.035500747,0.05754858,0.067264574,0.045216741,0.025411061,0.050074738,0.011958146,0.011958146,0.008594918,0.001494768,0.055306428,0.025784753,0.052316891,0.005605381
999,257,191,256,82,100,120,92,42,128,52,48,53,13,83,80,123,12,2731,0.365800073,0.094104724,0.069937752,0.093738557,0.030025632,0.036616624,0.043939949,0.033687294,0.015378982,0.046869279,0.019040644,0.017575979,0.019406811,0.004760161,0.030391798,0.029293299,0.045038447,0.004393995
832,425,144,264,90,197,96,90,51,108,45,27,23,2,120,100,50,8,2672,0.311377246,0.159056886,0.053892216,0.098802395,0.033682635,0.073727545,0.035928144,0.033682635,0.019086826,0.040419162,0.016841317,0.01010479,0.008607784,0.000748503,0.04491018,0.03742515,0.018712575,0.002994012
409,227,358,106,193,75,125,220,66,132,40,31,30,5,115,155,11,2,2300,0.177826087,0.098695652,0.155652174,0.046086957,0.083913043,0.032608696,0.054347826,0.095652174,0.028695652,0.057391304,0.017391304,0.013478261,0.013043478,0.002173913,0.05,0.067391304,0.004782609,0.000869565
961,375,337,250,136,97,147,192,31,238,72,59,55,9,126,130,66,15,3296,0.291565534,0.113774272,0.102245146,0.075849515,0.041262136,0.029429612,0.044599515,0.058252427,0.00940534,0.072208738,0.02184466,0.017900485,0.016686893,0.002730583,0.038228155,0.039441748,0.020024272,0.004550971
731,318,391,178,158,204,224,312,211,207,45,75,48,6,140,141,11,30,3430,0.213119534,0.09271137,0.113994169,0.051895044,0.04606414,0.059475219,0.065306122,0.090962099,0.061516035,0.060349854,0.013119534,0.021865889,0.013994169,0.001749271,0.040816327,0.041107872,0.003206997,0.008746356
1067,331,227,231,211,72,172,232,81,146,63,69,113,12,87,115,47,6,3282,0.325106642,0.100853138,0.069165143,0.070383912,0.064290067,0.021937843,0.052407069,0.070688605,0.024680073,0.04448507,0.019195612,0.021023766,0.034430225,0.003656307,0.026508227,0.03503961,0.014320536,0.001828154
56,11,18,14,7,8,10,6,2,18,3,2,2,0,11,3,7,0,178,0.314606742,0.061797753,0.101123596,0.078651685,0.039325843,0.04494382,0.056179775,0.033707865,0.011235955,0.101123596,0.016853933,0.011235955,0.011235955,0,0.061797753,0.016853933,0.039325843,0
794,304,212,176,110,158,118,129,79,141,43,44,38,6,100,90,64,10,2616,0.30351682,0.116207951,0.081039755,0.067278287,0.04204893,0.060397554,0.045107034,0.049311927,0.030198777,0.053899083,0.016437309,0.016819572,0.014525994,0.002293578,0.0382263,0.03440367,0.024464832,0.00382263
114,53,40,44,19,15,32,18,7,33,5,8,1,0,24,16,6,1,436,0.26146789,0.121559633,0.091743119,0.100917431,0.043577982,0.03440367,0.073394495,0.041284404,0.016055046,0.075688073,0.01146789,0.018348624,0.002293578,0,0.055045872,0.036697248,0.013761468,0.002293578
401,257,348,79,261,170,109,175,20,127,31,34,41,5,112,138,22,5,2335,0.171734475,0.11006424,0.149036403,0.033832976,0.111777302,0.072805139,0.046680942,0.074946467,0.00856531,0.054389722,0.013276231,0.014561028,0.017558887,0.002141328,0.047965739,0.059100642,0.009421842,0.002141328
541,192,136,199,52,40,91,61,5,85,28,22,25,3,81,77,33,18,1689,0.320307874,0.113676732,0.080521018,0.117821196,0.030787448,0.023682652,0.053878034,0.036116045,0.002960332,0.050325636,0.016577857,0.013025459,0.014801658,0.001776199,0.047957371,0.045589106,0.019538188,0.010657194
902,311,319,240,122,96,196,165,42,216,72,115,82,11,145,128,57,26,3245,0.277966102,0.095839753,0.098305085,0.073959938,0.037596302,0.029583975,0.060400616,0.050847458,0.012942989,0.066563945,0.022187982,0.035439137,0.025269646,0.003389831,0.044684129,0.0394453,0.017565485,0.008012327
260,74,42,79,22,16,30,47,14,56,15,22,13,7,14,6,41,8,766,0.339425587,0.096605744,0.054830287,0.103133159,0.028720627,0.020887728,0.039164491,0.061357702,0.018276762,0.07310705,0.019582245,0.028720627,0.016971279,0.009138381,0.018276762,0.007832898,0.053524804,0.010443864
319,96,48,60,57,89,71,55,20,52,51,31,13,3,51,48,30,1,1095,0.291324201,0.087671233,0.043835616,0.054794521,0.052054795,0.081278539,0.064840183,0.050228311,0.01826484,0.047488584,0.046575342,0.028310502,0.011872146,0.002739726,0.046575342,0.043835616,0.02739726,0.000913242
471,204,486,96,220,73,127,215,48,192,38,46,32,12,132,192,1,22,2607,0.180667434,0.078250863,0.186421174,0.036823936,0.084388186,0.028001534,0.048714998,0.082470272,0.018411968,0.073647871,0.014576141,0.017644802,0.012274645,0.004602992,0.050632911,0.073647871,0.000383583,0.008438819
933,375,259,277,81,61,131,132,57,171,64,58,49,8,110,91,56,25,2938,0.317562968,0.127637849,0.088155208,0.094281824,0.027569775,0.020762423,0.044588155,0.044928523,0.019400953,0.058202859,0.021783526,0.019741321,0.016678012,0.002722941,0.037440436,0.030973451,0.019060585,0.00850919
603,360,206,170,93,256,43,64,15,95,52,79,48,3,79,75,338,13,2592,0.232638889,0.138888889,0.079475309,0.06558642,0.03587963,0.098765432,0.016589506,0.024691358,0.005787037,0.036651235,0.020061728,0.030478395,0.018518519,0.001157407,0.030478395,0.028935185,0.130401235,0.005015432
686,355,286,188,137,207,162,172,78,156,60,87,96,7,108,117,58,27,2987,0.229661868,0.118848343,0.095748242,0.062939404,0.045865417,0.069300301,0.054235018,0.057582859,0.026113157,0.052226314,0.020087044,0.029126214,0.03213927,0.002343488,0.036156679,0.039169736,0.019417476,0.00903917
830,457,149,404,78,215,78,71,9,96,61,32,36,3,92,77,28,19,2735,0.303473492,0.167093236,0.054478976,0.147714808,0.028519196,0.078610603,0.028519196,0.025959781,0.003290676,0.035100548,0.022303473,0.011700183,0.013162706,0.001096892,0.033638026,0.028153565,0.01023766,0.006946984
